{
    "$schema": "https://schema.management.azure.com/schemas/2015-01-01/deploymentParameters.json#",
    "contentVersion": "1.0.0.0",
    "parameters": {
        "subscriptionId": {
            "value": "19dac009-e18b-4a99-9c89-8f3c80ac57ce"
        },
        "name": {
            "value": "dispatchapi"
        },
        "location": {
            "value": "East US 2"
        },
        "ftpsState": {
            "value": "FtpsOnly"
        },
        "storageAccountName": {
            "value": "dispatcherfunctionsa27f"
        },
        "sku": {
            "value": "Dynamic"
        },
        "skuCode": {
            "value": "Y1"
        },
        "workerSize": {
            "value": "0"
        },
        "workerSizeId": {
            "value": "0"
        },
        "numberOfWorkers": {
            "value": "1"
        },
        "use32BitWorkerProcess": {
            "value": true
        },
        "netFrameworkVersion": {
            "value": "v6.0"
        },
        "hostingPlanName": {
            "value": "ASP-dispatcherfunctions-9789"
        },
        "serverFarmResourceGroup": {
            "value": "dispatcherfunctions"
        },
        "alwaysOn": {
            "value": false
        }
    }
}