{
    "$schema": "http://schema.management.azure.com/schemas/2015-01-01/deploymentTemplate.json#",
    "contentVersion": "1.0.0.0",
    "parameters": {
        "subscriptionId": {
            "type": "string"
        },
        "name": {
            "type": "string"
        },
        "location": {
            "type": "string"
        },
        "use32BitWorkerProcess": {
            "type": "bool"
        },
        "ftpsState": {
            "type": "string"
        },
        "storageAccountName": {
            "type": "string"
        },
        "netFrameworkVersion": {
            "type": "string"
        },
        "sku": {
            "type": "string"
        },
        "skuCode": {
            "type": "string"
        },
        "workerSize": {
            "type": "string"
        },
        "workerSizeId": {
            "type": "string"
        },
        "numberOfWorkers": {
            "type": "string"
        },
        "hostingPlanName": {
            "type": "string"
        },
        "serverFarmResourceGroup": {
            "type": "string"
        },
        "alwaysOn": {
            "type": "bool"
        }
    },
    "variables": {
        "contentShare": "dispatchapi8744"
    },
    "resources": [
        {
            "apiVersion": "2022-03-01",
            "name": "[parameters('name')]",
            "type": "Microsoft.Web/sites",
            "kind": "functionapp",
            "location": "[parameters('location')]",
            "tags": {
                "hidden-link: /app-insights-resource-id": "/subscriptions/19dac009-e18b-4a99-9c89-8f3c80ac57ce/resourceGroups/dispatcherfunctions/providers/Microsoft.Insights/components/dispatchapi"
            },
            "dependsOn": [
                "microsoft.insights/components/dispatchapi",
                "[concat('Microsoft.Web/serverfarms/', parameters('hostingPlanName'))]"
            ],
            "properties": {
                "name": "[parameters('name')]",
                "siteConfig": {
                    "appSettings": [
                        {
                            "name": "FUNCTIONS_EXTENSION_VERSION",
                            "value": "~4"
                        },
                        {
                            "name": "FUNCTIONS_WORKER_RUNTIME",
                            "value": "node"
                        },
                        {
                            "name": "WEBSITE_NODE_DEFAULT_VERSION",
                            "value": "~20"
                        },
                        {
                            "name": "APPLICATIONINSIGHTS_CONNECTION_STRING",
                            "value": "[reference('microsoft.insights/components/dispatchapi', '2015-05-01').ConnectionString]"
                        },
                        {
                            "name": "AzureWebJobsSecretStorageType",
                            "value": "files"
                        }
                    ],
                    "cors": {
                        "allowedOrigins": [
                            "https://portal.azure.com"
                        ]
                    },
                    "use32BitWorkerProcess": "[parameters('use32BitWorkerProcess')]",
                    "ftpsState": "[parameters('ftpsState')]",
                    "netFrameworkVersion": "[parameters('netFrameworkVersion')]"
                },
                "clientAffinityEnabled": false,
                "virtualNetworkSubnetId": null,
                "functionsRuntimeAdminIsolationEnabled": false,
                "publicNetworkAccess": "Enabled",
                "httpsOnly": true,
                "serverFarmId": "[concat('/subscriptions/', parameters('subscriptionId'),'/resourcegroups/', parameters('serverFarmResourceGroup'), '/providers/Microsoft.Web/serverfarms/', parameters('hostingPlanName'))]"
            },
            "resources": [
                {
                    "type": "Microsoft.Web/sites/basicPublishingCredentialsPolicies",
                    "apiVersion": "2022-09-01",
                    "name": "[concat(parameters('name'), '/scm')]",
                    "properties": {
                        "allow": false
                    },
                    "dependsOn": [
                        "[resourceId('Microsoft.Web/sites', parameters('name'))]"
                    ]
                },
                {
                    "type": "Microsoft.Web/sites/basicPublishingCredentialsPolicies",
                    "apiVersion": "2022-09-01",
                    "name": "[concat(parameters('name'), '/ftp')]",
                    "properties": {
                        "allow": false
                    },
                    "dependsOn": [
                        "[resourceId('Microsoft.Web/sites', parameters('name'))]"
                    ]
                }
            ]
        },
        {
            "apiVersion": "2018-11-01",
            "name": "[parameters('hostingPlanName')]",
            "type": "Microsoft.Web/serverfarms",
            "location": "[parameters('location')]",
            "kind": "",
            "tags": {},
            "dependsOn": [],
            "properties": {
                "name": "[parameters('hostingPlanName')]",
                "workerSize": "[parameters('workerSize')]",
                "workerSizeId": "[parameters('workerSizeId')]",
                "numberOfWorkers": "[parameters('numberOfWorkers')]"
            },
            "sku": {
                "Tier": "[parameters('sku')]",
                "Name": "[parameters('skuCode')]"
            }
        },
        {
            "apiVersion": "2020-02-02-preview",
            "name": "dispatchapi",
            "type": "microsoft.insights/components",
            "location": "eastus2",
            "tags": {},
            "dependsOn": [
                "newWorkspaceTemplate"
            ],
            "properties": {
                "ApplicationId": "[parameters('name')]",
                "Request_Source": "IbizaWebAppExtensionCreate",
                "Flow_Type": "Redfield",
                "Application_Type": "web",
                "WorkspaceResourceId": "/subscriptions/19dac009-e18b-4a99-9c89-8f3c80ac57ce/resourceGroups/DefaultResourceGroup-EUS2/providers/Microsoft.OperationalInsights/workspaces/DefaultWorkspace-19dac009-e18b-4a99-9c89-8f3c80ac57ce-EUS2",
                "DisableLocalAuth": false
            }
        },
        {
            "type": "Microsoft.Resources/deployments",
            "apiVersion": "2021-04-01",
            "name": "newWorkspaceTemplate",
            "resourceGroup": "DefaultResourceGroup-EUS2",
            "subscriptionId": "[parameters('subscriptionId')]",
            "properties": {
                "mode": "Incremental",
                "template": {
                    "$schema": "https://schema.management.azure.com/schemas/2015-01-01/deploymentTemplate.json#",
                    "contentVersion": "1.0.0.0",
                    "parameters": {},
                    "variables": {},
                    "resources": [
                        {
                            "apiVersion": "2020-08-01",
                            "name": "DefaultWorkspace-19dac009-e18b-4a99-9c89-8f3c80ac57ce-EUS2",
                            "type": "Microsoft.OperationalInsights/workspaces",
                            "location": "eastus2",
                            "properties": {}
                        }
                    ]
                }
            }
        }
    ]
}